{"global_step": 99, "_timestamp": 1681560284.0673635, "test_loss": 198.0, "_runtime": 5.9663214683532715, "_step": 36, "_wandb": {"runtime": 4}}