{"global_step": 0, "_timestamp": 1682933931.1742566, "_runtime": 2.2461485862731934, "_step": 0, "_wandb": {"runtime": 1}}