{"global_step": 508, "_timestamp": 1681642739.8580222, "_runtime": 13.624833106994629, "_step": 23, "charts/episodic_length": 10.0, "charts/episodic_return": 10.0, "_wandb": {"runtime": 12}}