{"videos": {"_type": "video-file", "sha256": "ee26139a3412e0339be3decc98e96fb22e789d2243bd7dfa0217884c3323ce11", "size": 3203, "path": "media/videos/videos_221_ee26139a3412e0339be3.mp4"}, "_timestamp": 1682947723.9119794, "_runtime": 219.91627645492554, "_step": 6797, "global_step": 49664, "charts/episodic_length": 6.0, "charts/episodic_return": 0.9624999761581421, "charts/approx_kl": 2.185814082622528e-06, "charts/entropy": 0.02333817631006241, "charts/policy_loss": -0.0005592051893472672, "charts/value_loss": 0.00010619735257932916, "charts/learning_rate": 2.577319492047536e-06, "charts/clipfrac": 0.0, "charts/explained_variance": 0.834660530090332, "charts/SPS": 229.0, "_wandb": {"runtime": 218}}