{"videos": {"_type": "video-file", "sha256": "e06e85bbc4dd5a0f1c4ce96cede4165e4421aa08b9b10808a6ee3a3cf070b560", "size": 12063, "path": "media/videos/videos_84_e06e85bbc4dd5a0f1c4c.mp4"}, "_timestamp": 1683035619.811746, "_runtime": 381.3279469013214, "_step": 3483, "global_step": 99840, "charts/episodic_return": 0.9998199939727783, "charts/episodic_length": 2.0, "charts/explained_variance": 0.5890185236930847, "charts/clipfrac": 0.0, "charts/approx_kl": 1.4210585504770279e-05, "charts/entropy": 0.16241802275180817, "charts/policy_loss": -0.0006580222398042679, "charts/value_loss": 0.00405458826571703, "charts/learning_rate": 5.128204975335393e-06, "charts/SPS": 266.0, "charts/appraisal_loss": 0.0015669811982661486, "_wandb": {"runtime": 377}}