{"global_step": 172624, "_timestamp": 1682965679.5957472, "_runtime": 520.5685551166534, "_step": 1148, "charts/episodic_length": 256.0, "charts/episodic_return": 0.0, "charts/entropy": 1.3386805057525635, "charts/policy_loss": -0.059183575212955475, "charts/value_loss": 9.752951882546768e-05, "charts/learning_rate": 0.0006557377055287361, "charts/explained_variance": -1.8281850814819336, "charts/clipfrac": 0.1513671875, "charts/approx_kl": 0.024676937609910965, "charts/SPS": 333.0, "_wandb": {"runtime": 518}}