{"videos": {"_type": "video-file", "sha256": "aa9a421640528051c8fe44052bf311cb60cab2f7c307044a1772b2fc7b8bf8e0", "size": 3443, "path": "media/videos/videos_189_aa9a421640528051c8fe.mp4"}, "_timestamp": 1683038268.3594635, "_runtime": 2497.3644275665283, "_step": 59217, "global_step": 499712, "charts/episodic_length": 3.0, "charts/episodic_return": 0.9989200234413147, "charts/SPS": 200.0, "charts/explained_variance": 0.5408772230148315, "charts/clipfrac": 0.0, "charts/approx_kl": 6.565824151039124e-08, "charts/entropy": 0.06910022348165512, "charts/policy_loss": -3.279931843280792e-05, "charts/value_loss": 0.00047265770263038576, "charts/learning_rate": 1.024590119413915e-06, "_wandb": {"runtime": 2496}}