{"videos": {"_type": "video-file", "sha256": "8e563921ad4c86be67537a7a4b1c76423d9774a5db109d77e83c9d7898fdf129", "size": 22788, "path": "media/videos/videos_0_8e563921ad4c86be6753.mp4"}, "_timestamp": 1683220875.8018546, "_runtime": 333.65932869911194, "_step": 85, "global_step": 43008, "charts/episodic_length": null, "charts/episodic_return": null, "charts/entropy": 0.5133259892463684, "charts/policy_loss": -0.012660276144742966, "charts/value_loss": 2.8739737899741158e-05, "charts/learning_rate": 0.00014432989701163024, "charts/clipfrac": 0.01318359375, "charts/approx_kl": 0.004589419811964035, "charts/explained_variance": -7.280274391174316, "charts/SPS": 132.0, "_wandb": {"runtime": 328}}