{"videos": {"_type": "video-file", "sha256": "56d90dffe91d264b8f44c439a0ceb5f47c02da72f0a10ec888ecfb60a167345c", "size": 283370, "path": "media/videos/videos_2_56d90dffe91d264b8f44.mp4"}, "_timestamp": 1683004930.6309276, "_runtime": 69.90484666824341, "_step": 157, "global_step": 24872, "charts/episodic_length": 400.0, "charts/episodic_return": 0.0, "charts/clipfrac": 0.2197265625, "charts/approx_kl": 0.04675125703215599, "charts/entropy": 1.404003620147705, "charts/policy_loss": -0.08384169638156891, "charts/value_loss": 2.9847185942344368e-05, "charts/learning_rate": 0.0007589743472635746, "charts/explained_variance": -25.05887222290039, "charts/SPS": 373.0, "_wandb": {"runtime": 68}}