{"videos": {"_type": "video-file", "sha256": "424f5f96ec0a73cfc478dc206ca15175d3c06648af0318203caabee591d0dd39", "size": 17538, "path": "media/videos/videos_3_424f5f96ec0a73cfc478.mp4"}, "_timestamp": 1683453757.5426486, "_runtime": 188.84819865226746, "_step": 1529, "global_step": 49664, "charts/episodic_length": 6.0, "charts/episodic_return": 0.7212087512016296, "charts/approx_kl": 3.472622483968735e-05, "charts/entropy": 0.3541644215583801, "charts/policy_loss": -0.0009478763677179813, "charts/value_loss": 0.039187829941511154, "charts/learning_rate": 1.0309277968190145e-05, "charts/appraisal_loss": 0.007356484420597553, "charts/explained_variance": 0.08549261093139648, "charts/clipfrac": 0.0, "charts/SPS": 267.0, "_wandb": {"runtime": 187}}