{"global_step": 13824, "_timestamp": 1682944583.1666138, "_runtime": 278.9298539161682, "_step": 469, "charts/episodic_return": 0.2529999911785126, "charts/episodic_length": 83.0, "charts/learning_rate": 9.259259059035685e-06, "charts/explained_variance": -0.15006864070892334, "charts/clipfrac": 0.0, "charts/approx_kl": 0.0007528364658355713, "charts/entropy": 1.9026944637298584, "charts/policy_loss": -0.007549658417701721, "charts/value_loss": 0.06337040662765503, "charts/SPS": 49.0, "_wandb": {"runtime": 277}}