{"videos": {"_type": "video-file", "sha256": "d8e2523af90032cae35c89c440a5cb86a211db4e6929995951ea354f29a5e3e6", "size": 17739, "path": "media/videos/videos_5_d8e2523af90032cae35c.mp4"}, "_timestamp": 1683221529.2404609, "_runtime": 470.29732179641724, "_step": 1976, "global_step": 64512, "charts/episodic_return": 0.9988300204277039, "charts/episodic_length": 13.0, "charts/clipfrac": 0.0634765625, "charts/approx_kl": 0.07953113317489624, "charts/entropy": 0.1272859126329422, "charts/policy_loss": -0.014956648461520672, "charts/value_loss": 0.004374253563582897, "charts/learning_rate": 0.000872950826305896, "charts/explained_variance": 0.5412291288375854, "charts/SPS": 137.0, "_wandb": {"runtime": 469}}