{"videos": {"_type": "video-file", "sha256": "8129c02e579802c90a09db4489e24ff4ce88856abd935066d64b3414fa99325f", "size": 24331, "path": "media/videos/videos_0_8129c02e579802c90a09.mp4"}, "_timestamp": 1683453405.52096, "_runtime": 237.52907299995422, "_step": 231, "global_step": 49664, "charts/episodic_return": -0.5, "charts/episodic_length": 1000.0, "charts/learning_rate": 1.0309277968190145e-05, "charts/policy_loss": -0.001978609710931778, "charts/approx_kl": 0.0005008124280720949, "charts/entropy": 0.6061820387840271, "charts/value_loss": 2.4473465600749478e-05, "charts/clipfrac": 0.0, "charts/explained_variance": -14.718880653381348, "charts/appraisal_loss": 0.02117280103266239, "charts/SPS": 214.0, "_wandb": {"runtime": 236}}