{"global_step": 508, "_timestamp": 1681642604.1444926, "_runtime": 15.071519613265991, "_step": 23, "charts/episodic_return": 10.0, "charts/episodic_length": 10.0, "_wandb": {"runtime": 13}}