{"global_step": 604, "_timestamp": 1682941350.3545809, "_runtime": 7.852587938308716, "_step": 24, "charts/episodic_return": -1.0, "charts/episodic_length": 11.0, "charts/approx_kl": 0.009323570877313614, "charts/policy_loss": -0.004607051610946655, "charts/learning_rate": 0.0002500000118743628, "charts/clipfrac": 0.19970703125, "charts/entropy": 1.9350988864898682, "charts/value_loss": 0.1730753779411316, "charts/explained_variance": -0.002885103225708008, "charts/SPS": 97.0, "_wandb": {"runtime": 6}}