{"videos": {"_type": "video-file", "sha256": "dada6068407660459c3105865230dc4cc3578ac4b29614c46155136a1a2bde5d", "size": 3238, "path": "media/videos/videos_44_dada6068407660459c31.mp4"}, "_timestamp": 1682947005.5041282, "_runtime": 50.971922159194946, "_step": 1420, "global_step": 13824, "charts/episodic_length": 5.0, "charts/episodic_return": 0.9549999833106995, "charts/entropy": 0.07527164369821548, "charts/policy_loss": -0.0005182418972253799, "charts/value_loss": 1.5225445167743601e-05, "charts/learning_rate": 9.259259059035685e-06, "charts/explained_variance": 0.8671482801437378, "charts/clipfrac": 0.0, "charts/approx_kl": 1.1874362826347351e-06, "charts/SPS": 287.0, "_wandb": {"runtime": 49}}