{"global_step": 24576, "_timestamp": 1681643789.7895076, "_runtime": 30.241103649139404, "_step": 461, "charts/episodic_length": 119.0, "charts/episodic_return": 119.0, "charts/approx_kl": 2.1187588572502136e-08, "charts/entropy": 0.6182591915130615, "charts/policy_loss": -1.3757497072219849e-05, "charts/value_loss": 76.20880126953125, "charts/learning_rate": 5.208333277550992e-06, "charts/explained_variance": 0.22071462869644165, "charts/clipfrac": 0.0, "charts/SPS": 1177.0, "_wandb": {"runtime": 28}}