{"videos": {"_type": "video-file", "sha256": "9c618ea921de416bd264323a9a55711c12c95dc0456b23001a9e5cb1d8ac62d1", "size": 33505, "path": "media/videos/videos_0_9c618ea921de416bd264.mp4"}, "_timestamp": 1682935520.6027753, "_runtime": 970.5584673881531, "_step": 1883, "global_step": 313684, "charts/episodic_return": 0.0, "charts/episodic_length": 256.0, "charts/entropy": 1.2041109800338745, "charts/policy_loss": -0.0021366309374570847, "charts/value_loss": 0.47737616300582886, "charts/learning_rate": 9.349385072709993e-05, "charts/explained_variance": 0.006346940994262695, "charts/clipfrac": 0.00439453125, "charts/approx_kl": 0.0038453047163784504, "charts/SPS": 323.0, "_wandb": {"runtime": 970}}