{"global_step": 508, "_timestamp": 1681642367.0080872, "_runtime": 16.45784306526184, "_step": 23, "charts/episodic_return": 10.0, "charts/episodic_length": 10.0, "_wandb": {"runtime": 15}}