{"global_step": 0, "_timestamp": 1682926587.745316, "_runtime": 5.7740161418914795, "_step": 0, "_wandb": {"runtime": 2}}