{"videos": {"_type": "video-file", "sha256": "8e563921ad4c86be67537a7a4b1c76423d9774a5db109d77e83c9d7898fdf129", "size": 22788, "path": "media/videos/videos_0_8e563921ad4c86be6753.mp4"}, "_timestamp": 1683223081.5796878, "_runtime": 370.60722494125366, "_step": 250, "global_step": 54784, "charts/episodic_return": -1.0, "charts/episodic_length": 288.0, "charts/value_loss": 2.05449978238903e-05, "charts/learning_rate": 0.0004564102564472705, "charts/clipfrac": 0.0859375, "charts/approx_kl": 0.010745424777269363, "charts/entropy": 0.42047634720802307, "charts/policy_loss": -0.022921351715922356, "charts/explained_variance": -10.923855781555176, "charts/SPS": 149.0, "_wandb": {"runtime": 371}}