{"global_step": 99, "_timestamp": 1681560134.9200077, "test_loss": 182.0, "_runtime": 5.75244665145874, "_step": 33, "_wandb": {"runtime": 4}}