{"global_step": 24576, "_timestamp": 1682925374.5358965, "_runtime": 22.49255061149597, "_step": 348, "charts/episodic_length": 46.0, "charts/episodic_return": 46.0, "charts/approx_kl": 9.385170415043831e-06, "charts/entropy": 0.5858742594718933, "charts/policy_loss": 0.0003194548189640045, "charts/value_loss": 58.6645393371582, "charts/learning_rate": 5.208333277550992e-06, "charts/explained_variance": 0.00602346658706665, "charts/clipfrac": 0.0, "charts/SPS": 1227.0, "_wandb": {"runtime": 21}}