{"videos": {"_type": "video-file", "sha256": "9c618ea921de416bd264323a9a55711c12c95dc0456b23001a9e5cb1d8ac62d1", "size": 33505, "path": "media/videos/videos_0_9c618ea921de416bd264.mp4"}, "_timestamp": 1682934142.5168593, "_runtime": 152.75623536109924, "_step": 485, "global_step": 49664, "charts/episodic_length": 256.0, "charts/episodic_return": 0.0, "charts/entropy": 1.53964364528656, "charts/policy_loss": -0.0004497440531849861, "charts/value_loss": 0.1680934876203537, "charts/learning_rate": 2.577319492047536e-06, "charts/approx_kl": 6.474554538726807e-06, "charts/explained_variance": -0.10978460311889648, "charts/clipfrac": 0.0, "charts/SPS": 331.0, "_wandb": {"runtime": 151}}