{"global_step": 99, "_timestamp": 1681559786.6910203, "test_loss": 192.0, "_runtime": 4.666497230529785, "_step": 39, "_wandb": {"runtime": 3}}