{"videos": {"_type": "video-file", "sha256": "48f2e964eb28507625d0e9b2faacee4fd4bb06746fb6c942a0b7d80ca6866962", "size": 5135, "path": "media/videos/videos_357_48f2e964eb28507625d0.mp4"}, "_timestamp": 1683038774.4802897, "_runtime": 434.08579659461975, "_step": 11603, "global_step": 99840, "charts/episodic_return": 0.9953200221061707, "charts/episodic_length": 13.0, "charts/SPS": 232.0, "charts/appraisal_loss": 0.00022190251911524683, "charts/explained_variance": 0.5143449306488037, "charts/clipfrac": 0.0, "charts/approx_kl": 5.488749593496323e-06, "charts/entropy": 0.06099968031048775, "charts/value_loss": 0.0008661391912028193, "charts/learning_rate": 5.128204975335393e-06, "charts/policy_loss": -0.00022459402680397034, "_wandb": {"runtime": 432}}