{"videos": {"_type": "video-file", "sha256": "2a385f049741cd8dad54e203a8a95a6384beae0ef1f3391c903761b3c356ec5d", "size": 7826, "path": "media/videos/videos_5_2a385f049741cd8dad54.mp4"}, "_timestamp": 1683452814.8734236, "_runtime": 236.54925346374512, "_step": 2000, "global_step": 49664, "charts/episodic_length": 5.0, "charts/episodic_return": 0.9858667850494385, "charts/value_loss": 0.002669144421815872, "charts/learning_rate": 1.0309277968190145e-05, "charts/clipfrac": 0.0, "charts/approx_kl": 0.00017072446644306183, "charts/entropy": 0.06456980109214783, "charts/policy_loss": -0.0024140626192092896, "charts/explained_variance": 0.5559049844741821, "charts/SPS": 213.0, "_wandb": {"runtime": 235}}