{"videos": {"_type": "video-file", "sha256": "e62480ef68a13e61a4117c878ea49bfb389637aa06c545dabaf5bcd0b11be6fb", "size": 8820, "path": "media/videos/videos_8_e62480ef68a13e61a411.mp4"}, "_timestamp": 1683222614.2099423, "_runtime": 703.7239122390747, "_step": 3254, "global_step": 92636, "charts/episodic_return": 0.9991899728775024, "charts/episodic_length": 9.0, "charts/clipfrac": 0.03173828125, "charts/policy_loss": -0.003729458898305893, "charts/value_loss": 0.002803314244374633, "charts/entropy": 0.06758202612400055, "charts/approx_kl": 0.014887003228068352, "charts/learning_rate": 0.0008165983599610627, "charts/explained_variance": 0.5330291986465454, "charts/SPS": 132.0, "_wandb": {"runtime": 705}}