{"global_step": 49664, "_timestamp": 1682925905.0447776, "_runtime": 40.0087776184082, "_step": 547, "charts/episodic_return": 77.0, "charts/episodic_length": 77.0, "charts/entropy": 0.6020078659057617, "charts/policy_loss": -0.000712856650352478, "charts/value_loss": 55.76171875, "charts/learning_rate": 2.577319492047536e-06, "charts/explained_variance": 0.034405291080474854, "charts/clipfrac": 0.0, "charts/approx_kl": 3.1566713005304337e-05, "charts/appraisal_loss": 0.021268129348754883, "charts/SPS": 1312.0, "_wandb": {"runtime": 38}}