{"videos": {"_type": "video-file", "sha256": "cc1cbfa272f5b12fb2ade90baff3eaa7f935b1bafcb0e9d9f2bae5979571f5c1", "size": 5520801, "path": "media/videos/videos_5_cc1cbfa272f5b12fb2ad.mp4"}, "_timestamp": 1683230933.0138621, "_runtime": 1583.9441540241241, "_step": 578, "global_step": 191488, "charts/episodic_return": -1.0, "charts/episodic_length": 352.0, "charts/approx_kl": 0.05559052526950836, "charts/entropy": 0.5767819285392761, "charts/policy_loss": -0.09141179174184799, "charts/value_loss": 8.848675179251586e-07, "charts/learning_rate": 0.0006178278708830476, "charts/appraisal_loss": 0.018891628831624985, "charts/explained_variance": -9.888923645019531, "charts/clipfrac": 0.197265625, "charts/SPS": 121.0, "_wandb": {"runtime": 1583}}