{"videos": {"_type": "video-file", "sha256": "df4cc08f7282f09dd83931db866ab9eb905432e65831eaebe8c1611ef3e1ff97", "size": 46367, "path": "media/videos/videos_1_df4cc08f7282f09dd839.mp4"}, "_timestamp": 1683035181.456321, "_runtime": 68.89460706710815, "_step": 113, "global_step": 25088, "charts/clipfrac": 0.14501953125, "charts/learning_rate": 0.0007538461359217763, "charts/value_loss": 0.0002310688723810017, "charts/policy_loss": -0.03382740169763565, "charts/approx_kl": 0.025490542873740196, "charts/entropy": 1.4727975130081177, "charts/explained_variance": 0.2515469789505005, "charts/SPS": 384.0, "charts/appraisal_loss": 0.09578163921833038, "charts/episodic_length": 324.0, "charts/episodic_return": 0.0, "_wandb": {"runtime": 68}}