{"videos": {"_type": "video-file", "sha256": "e0c8255354ecf8a794b0fc4b2249d3fe0f3d2b2407c0c9abfccaa389d897b67f", "size": 150610, "path": "media/videos/videos_7_e0c8255354ecf8a794b0.mp4"}, "_timestamp": 1682948802.2661073, "_runtime": 159.07720637321472, "_step": 403, "global_step": 49076, "charts/episodic_return": 0.0, "charts/episodic_length": 256.0, "charts/approx_kl": 0.012028535827994347, "charts/entropy": 1.7153176069259644, "charts/policy_loss": -0.04641948267817497, "charts/value_loss": 0.00040827770135365427, "charts/learning_rate": 0.0002259221364511177, "charts/explained_variance": -0.9166131019592285, "charts/clipfrac": 0.08642578125, "charts/SPS": 315.0, "_wandb": {"runtime": 157}}