{"videos": {"_type": "video-file", "sha256": "2850c15dcb8f12ae06dd83e421945fc26b6b916ba0f83d836b18e5cad23d29d6", "size": 24331, "path": "media/videos/videos_0_2850c15dcb8f12ae06dd.mp4"}, "_timestamp": 1683223381.9618778, "_runtime": 226.23991584777832, "_step": 202, "global_step": 8896, "charts/episodic_length": 134.0, "charts/episodic_return": 0.9879400134086609, "charts/value_loss": 8.393865755351726e-06, "charts/learning_rate": 0.0009116517030633986, "charts/entropy": 0.6049859523773193, "charts/policy_loss": -0.11292064189910889, "charts/explained_variance": -1.9242579936981201, "charts/clipfrac": 0.2265625, "charts/approx_kl": 0.037414904683828354, "charts/SPS": 39.0, "_wandb": {"runtime": 225}}