{"global_step": 49664, "_timestamp": 1682926252.0244572, "_runtime": 59.063308238983154, "_step": 564, "charts/episodic_length": 379.0, "charts/episodic_return": 379.0, "charts/policy_loss": -5.541369318962097e-06, "charts/value_loss": 62.816650390625, "charts/learning_rate": 2.577319492047536e-06, "charts/clipfrac": 0.0, "charts/approx_kl": 1.0710209608078003e-08, "charts/entropy": 0.6053570508956909, "charts/explained_variance": 0.0013937950134277344, "charts/SPS": 873.0, "_wandb": {"runtime": 57}}