{"global_step": 49664, "_timestamp": 1682961843.9600224, "_runtime": 44.91598153114319, "_step": 612, "charts/episodic_length": 344.0, "charts/episodic_return": 344.0, "charts/policy_loss": -0.0005147010087966919, "charts/value_loss": 116.4949722290039, "charts/learning_rate": 2.577319492047536e-06, "charts/clipfrac": 0.0, "charts/approx_kl": 9.574275463819504e-05, "charts/entropy": 0.5820543169975281, "charts/appraisal_loss": 0.019927486777305603, "charts/explained_variance": 0.04774355888366699, "charts/SPS": 1235.0, "_wandb": {"runtime": 42}}