{"global_step": 0, "_timestamp": 1682941307.0388644, "_runtime": 2.255220413208008, "_step": 0, "_wandb": {"runtime": 1}}