{"videos": {"_type": "video-file", "sha256": "eb89189dc72bec158179261ae0a4f94618eda2a3863a3713a3079db670ea4581", "size": 12832, "path": "media/videos/videos_0_eb89189dc72bec158179.mp4"}, "_timestamp": 1682944982.526899, "_runtime": 273.32897210121155, "_step": 470, "global_step": 13824, "charts/episodic_length": 83.0, "charts/episodic_return": 0.2529999911785126, "charts/learning_rate": 9.259259059035685e-06, "charts/policy_loss": -0.007549658417701721, "charts/value_loss": 0.06337040662765503, "charts/entropy": 1.9026944637298584, "charts/explained_variance": -0.15006864070892334, "charts/clipfrac": 0.0, "charts/approx_kl": 0.0007528364658355713, "charts/SPS": 51.0, "_wandb": {"runtime": 271}}