{"global_step": 99, "_timestamp": 1681560196.4728467, "test_loss": 198.0, "_runtime": 5.98128080368042, "_step": 36, "_wandb": {"runtime": 4}}