{"videos": {"_type": "video-file", "sha256": "8e563921ad4c86be67537a7a4b1c76423d9774a5db109d77e83c9d7898fdf129", "size": 22788, "path": "media/videos/videos_0_8e563921ad4c86be6753.mp4"}, "_timestamp": 1683221857.1135306, "_runtime": 200.6900155544281, "_step": 158, "global_step": 28160, "charts/episodic_length": 1807.0, "charts/episodic_return": -1.0, "charts/policy_loss": -0.02483551762998104, "charts/value_loss": 1.1180711226188578e-05, "charts/learning_rate": 0.000443298980826512, "charts/clipfrac": 0.09765625, "charts/entropy": 0.5647323727607727, "charts/approx_kl": 0.019618500024080276, "charts/explained_variance": -11.04145622253418, "charts/SPS": 143.0, "_wandb": {"runtime": 201}}