{"global_step": 45276, "_timestamp": 1684096149.1703362, "charts/episodic_return": 0.9999099969863892, "charts/episodic_length": 1.0, "_runtime": 473.4543242454529, "_step": 1062}