{"global_step": 0, "_timestamp": 1681623316.8804996, "_runtime": 6.846031665802002, "_step": 0, "_wandb": {"runtime": 7}}