{"global_step": 0, "_timestamp": 1683229257.3464901, "_runtime": 2.6282451152801514, "_step": 0, "_wandb": {"runtime": 5}}