{"global_step": 99, "_timestamp": 1681559389.2114081, "test_loss": 196.0, "_runtime": 6.101311206817627, "_step": 34, "_wandb": {"runtime": 4}}