{"videos": {"_type": "video-file", "sha256": "bbca080e930f30aa069e26dd8c4cecafe91e429f6a0fbda7b5c3eb924ca958b4", "size": 23438, "path": "media/videos/videos_63_bbca080e930f30aa069e.mp4"}, "_timestamp": 1683227965.437768, "_runtime": 3770.3261148929596, "_step": 24166, "global_step": 499712, "charts/episodic_return": 0.9980199933052063, "charts/episodic_length": 22.0, "charts/learning_rate": 1.024590119413915e-06, "charts/policy_loss": -4.020240157842636e-05, "charts/entropy": 0.059271201491355896, "charts/value_loss": 0.0026620940770953894, "charts/approx_kl": 9.220093488693237e-08, "charts/clipfrac": 0.0, "charts/explained_variance": 0.6744309663772583, "charts/SPS": 132.0, "_wandb": {"runtime": 3769}}