{"videos": {"_type": "video-file", "sha256": "326d3249c2b9bd4e2e1a86520d20f63d94d58afc5c254588d986bcfbc36c5a9c", "size": 10724, "path": "media/videos/videos_0_326d3249c2b9bd4e2e1a.mp4"}, "_timestamp": 1683455252.7137573, "_runtime": 177.68218731880188, "_step": 250, "global_step": 49664, "charts/episodic_return": 0.0, "charts/episodic_length": 1000.0, "charts/value_loss": 0.0001743743778206408, "charts/learning_rate": 1.0309277968190145e-05, "charts/approx_kl": 9.306194260716438e-05, "charts/entropy": 0.43872690200805664, "charts/policy_loss": -0.0033672889694571495, "charts/explained_variance": -0.2212519645690918, "charts/clipfrac": 0.0, "charts/SPS": 288.0, "_wandb": {"runtime": 176}}