{"global_step": 508, "_timestamp": 1681642670.630872, "_runtime": 14.725099086761475, "_step": 23, "charts/episodic_return": 10.0, "charts/episodic_length": 10.0, "_wandb": {"runtime": 13}}