{"global_step": 0, "_timestamp": 1681623490.5693948, "_runtime": 7.221481800079346, "_step": 0, "_wandb": {"runtime": 7}}